{"bounds":{"east":114.44412946701,"north":22.571861743927,"south":22.1379446983337,"west":113.824174404144},"contentType":"quantizedmesh","latLonBounds":{"east":114.44412946701,"north":22.571861743927,"south":22.1379446983337,"west":113.824174404144},"maxzoom":16,"minzoom":0,"proj":4326,"tiletrans":"tms","type":"terrain","ziped":false}